study_id,explicit_consent,named_regulation,privacy_at_rest,storage_location,clinical_supervision,human_crisis_pathway,automated_detection,ai_identity,bias_fairness
1,1,0,1,1,1,1,0,1,1
2,1,0,1,1,1,1,1,0,1
3,0,0,0,0,0,0,0,0,1
4,0,0,0,0,0,0,1,0,1
5,1,0,0,0,0,0,1,0,1
6,0,0,0,1,0,0,1,0,1
7,1,1,0,1,0,0,0,1,1
8,1,0,1,0,1,1,1,0,0
9,0,0,0,0,0,1,1,0,0
10,0,0,0,0,0,0,0,0,0
11,1,0,0,0,0,0,0,0,0
12,1,0,0,0,0,0,0,0,1
13,0,0,0,0,1,1,0,0,0
14,1,1,1,0,0,0,0,0,1
15,0,0,0,0,0,0,1,0,0
16,1,1,1,1,0,0,0,0,0
17,1,0,1,0,1,1,0,0,1
18,0,0,0,0,0,0,0,1,1
19,1,0,0,0,0,0,0,0,0
20,0,0,0,1,0,0,0,1,0
21,0,0,0,0,0,0,0,0,1
22,1,1,1,0,0,0,0,0,0
23,1,0,0,0,0,0,0,0,0
24,0,0,1,0,0,0,0,0,1
25,1,1,0,0,0,0,0,0,0
26,1,1,1,0,1,0,0,0,0
27,1,0,0,0,0,0,0,0,1
28,0,0,1,0,0,0,0,0,1
29,1,0,1,1,1,1,1,1,1
30,0,0,0,0,1,0,1,1,1
31,0,0,1,0,0,0,0,0,1
32,1,0,1,1,0,1,1,0,0
33,0,0,1,0,0,0,0,1,0
34,0,0,1,1,1,1,0,1,1
35,0,0,0,0,0,0,0,1,1
